Index,CO Request ID,Creation Date,FX Deal No,Deal Amount,Currency,Value Date,Business Partner,Period after CO create date,Average number of days not received by CO,Trader
0,11260,2019-10-31 00:00:00,312834,"15,000,000.00",JMD,2019-11-04 00:00:00,CITIBANK N.A,4 days 00:00:00,7 days 00:00:00,DWBROWN
1,11268,2019-11-01 00:00:00,312841,"100,000,000.00",ETB,2019-11-05 00:00:00,Commercial Bank of Ethi,4 days 00:00:00,7 days 00:00:00,DWBROWN
2,11291,2019-11-04 00:00:00,312864,"9,310,000,000.00",GNF,2019-11-06 00:00:00,Ecobank Guinee,2 days 00:00:00,5 days 00:00:00,DWBROWN
3,11319,2019-11-07 00:00:00,312891,"2,000,000,000.00",MMK,2019-11-13 00:00:00,First Private Bank Ltd.,6 days 00:00:00,9 days 00:00:00,DWBROWN
4,11395,2019-11-20 00:00:00,312982,"1,300,000,000.00",MMK,2019-11-22 00:00:00,First Private Bank Ltd.,2 days 00:00:00,5 days 00:00:00,DWBROWN
5,11436,2019-11-25 00:00:00,313015,"20,000,000.00",ETB,2019-11-27 00:00:00,Commercial Bank of Ethi,2 days 00:00:00,5 days 00:00:00,DWBROWN
6,11439,2019-11-25 00:00:00,313016,"11,000,000.00",JMD,2019-11-27 00:00:00,CITIBANK N.A,2 days 00:00:00,5 days 00:00:00,DWBROWN
7,11440,2019-11-25 00:00:00,313017,"1,875,000,000.00",GNF,2019-11-27 00:00:00,Ecobank Guinee,2 days 00:00:00,5 days 00:00:00,DWBROWN
8,11241,2019-10-30 00:00:00,312813,"250,000,000.00",INR,2019-11-01 00:00:00,Crown Agents Bank,2 days 00:00:00,5 days 00:00:00,DWBROWN
9,11240,2019-10-30 00:00:00,312814,"15,000.00",OMR,2019-11-01 00:00:00,"HSBC Bank USA, N.A.",2 days 00:00:00,5 days 00:00:00,DWBROWN
10,11243,2019-10-30 00:00:00,312815,"600,000,000.00",RWF,2019-11-01 00:00:00,Crown Agents Bank,2 days 00:00:00,5 days 00:00:00,DWBROWN
11,11242,2019-10-30 00:00:00,312816,"735,000,000.00",MWK,2019-11-01 00:00:00,Ecobank Transnational I,2 days 00:00:00,5 days 00:00:00,DWBROWN
12,11238,2019-10-29 00:00:00,312817,"2,000,000,000.00",NGN,2019-11-01 00:00:00,ICBC Standard Bank Plc,3 days 00:00:00,6 days 00:00:00,DWBROWN
13,11244,2019-10-30 00:00:00,312818,"450,000,026.00",XOF,2019-11-01 00:00:00,Ecobank Transnational I,2 days 00:00:00,5 days 00:00:00,DWBROWN
14,11245,2019-10-30 00:00:00,312819,"100,000,000.00",MZN,2019-11-01 00:00:00,ED&F Man Capital Market,2 days 00:00:00,5 days 00:00:00,DWBROWN
15,11246,2019-10-30 00:00:00,312820,"40,000,000.00",EGP,2019-11-01 00:00:00,Standard Chartered Bank,2 days 00:00:00,5 days 00:00:00,DWBROWN
16,11247,2019-10-30 00:00:00,312821,"8,000,000,000.00",SLL,2019-11-01 00:00:00,Standard Chartered Bank,2 days 00:00:00,5 days 00:00:00,DWBROWN
17,11252,2019-10-31 00:00:00,312822,"10,000,000.00",ZAR,2019-11-04 00:00:00,Toronto Dominion Bank,4 days 00:00:00,7 days 00:00:00,DWBROWN
18,11253,2019-10-31 00:00:00,312823,"1,500,000.00",MVR,2019-11-04 00:00:00,INTL FCStone Ltd.,4 days 00:00:00,7 days 00:00:00,DWBROWN
19,11248,2019-10-30 00:00:00,312824,"400,000,000.00",XOF,2019-11-04 00:00:00,Ecobank Transnational I,5 days 00:00:00,8 days 00:00:00,DWBROWN
20,11249,2019-10-30 00:00:00,312825,"655,957,000.00",XOF,2019-11-04 00:00:00,Standard Chartered Bank,5 days 00:00:00,8 days 00:00:00,DWBROWN
21,11251,2019-10-31 00:00:00,312826,"800,000,000.00",XAF,2019-11-04 00:00:00,INTL FCStone Ltd.,4 days 00:00:00,7 days 00:00:00,DWBROWN
22,11250,2019-10-31 00:00:00,312827,"61,950,000.00",DJF,2019-11-04 00:00:00,Ecobank Transnational I,4 days 00:00:00,7 days 00:00:00,DWBROWN
23,11255,2019-10-31 00:00:00,312828,"241,064,198.00",KMF,2019-11-04 00:00:00,Ecobank Transnational I,4 days 00:00:00,7 days 00:00:00,DWBROWN
24,11256,2019-10-31 00:00:00,312829,"100,000,000.00",HTG,2019-11-04 00:00:00,Ecobank Transnational I,4 days 00:00:00,7 days 00:00:00,DWBROWN
25,11257,2019-10-31 00:00:00,312830,"1,276,600,000.00",PYG,2019-11-04 00:00:00,INTL FCStone Ltd.,4 days 00:00:00,7 days 00:00:00,DWBROWN
26,11259,2019-10-31 00:00:00,312832,"1,000,000.00",PEN,2019-11-04 00:00:00,INTL FCStone Ltd.,4 days 00:00:00,7 days 00:00:00,DWBROWN
27,11261,2019-10-31 00:00:00,312833,"3,000,000.00",MXN,2019-11-04 00:00:00,"Wells Fargo Bank, N.A.",4 days 00:00:00,7 days 00:00:00,DWBROWN
28,11258,2019-10-31 00:00:00,312835,"500,000,000.00",XAF,2019-11-04 00:00:00,ED&F Man Capital Market,4 days 00:00:00,7 days 00:00:00,DWBROWN
29,11265,2019-11-01 00:00:00,312836,"5,072,320.00",TJS,2019-11-05 00:00:00,INTL FCStone Ltd.,4 days 00:00:00,7 days 00:00:00,DWBROWN
30,11267,2019-11-01 00:00:00,312837,"150,000,000.00",XOF,2019-11-05 00:00:00,Ecobank Transnational I,4 days 00:00:00,7 days 00:00:00,DWBROWN
31,11262,2019-11-01 00:00:00,312838,"200,000,000.00",AOA,2019-11-05 00:00:00,INTL FCStone Ltd.,4 days 00:00:00,7 days 00:00:00,DWBROWN
32,11271,2019-11-01 00:00:00,312839,"1,000,000,000.00",NGN,2019-11-05 00:00:00,Crown Agents Bank,4 days 00:00:00,7 days 00:00:00,DWBROWN
33,11263,2019-11-01 00:00:00,312840,"4,416,500,000.00",LAK,2019-11-05 00:00:00,INTL FCStone Ltd.,4 days 00:00:00,7 days 00:00:00,DWBROWN
34,11269,2019-11-01 00:00:00,312842,"3,000,000.00",NAD,2019-11-05 00:00:00,ICBC Standard Bank Plc,4 days 00:00:00,7 days 00:00:00,DWBROWN
35,11266,2019-11-01 00:00:00,312843,"15,000,000,000.00",VND,2019-11-05 00:00:00,INTL FCStone Ltd.,4 days 00:00:00,7 days 00:00:00,DWBROWN
36,11272,2019-11-01 00:00:00,312844,"2,000,000.00",DKK,2019-11-05 00:00:00,Societe Generale,4 days 00:00:00,7 days 00:00:00,DWBROWN
37,11273,2019-11-01 00:00:00,312845,"800,000,000.00",XAF,2019-11-05 00:00:00,ED&F Man Capital Market,4 days 00:00:00,7 days 00:00:00,DWBROWN
38,11285,2019-11-04 00:00:00,312848,"50,000,000.00",AMD,2019-11-06 00:00:00,INTL FCStone Ltd.,2 days 00:00:00,5 days 00:00:00,DWBROWN
39,11286,2019-11-04 00:00:00,312849,"1,500,000,000.00",BIF,2019-11-06 00:00:00,INTL FCStone Ltd.,2 days 00:00:00,5 days 00:00:00,DWBROWN
40,11280,2019-11-04 00:00:00,312850,"180,000,000.00",AOA,2019-11-06 00:00:00,INTL FCStone Ltd.,2 days 00:00:00,5 days 00:00:00,DWBROWN
41,11287,2019-11-04 00:00:00,312851,"5,000,000,000.00",UGX,2019-11-06 00:00:00,ICBC Standard Bank Plc,2 days 00:00:00,5 days 00:00:00,DWBROWN
42,11284,2019-11-04 00:00:00,312852,"-20,000,000.00",USD,2019-11-06 00:00:00,Crown Agents Bank,2 days 00:00:00,5 days 00:00:00,DWBROWN
43,11283,2019-11-04 00:00:00,312853,"10,000,000,000.00",IDR,2019-11-06 00:00:00,Standard Chartered Bank,2 days 00:00:00,5 days 00:00:00,DWBROWN
44,11279,2019-11-04 00:00:00,312854,"1,000,000.00",BAM,2019-11-06 00:00:00,INTL FCStone Ltd.,2 days 00:00:00,5 days 00:00:00,DWBROWN
45,11281,2019-11-04 00:00:00,312855,"700,000,000.00",BDT,2019-11-06 00:00:00,Crown Agents Bank,2 days 00:00:00,5 days 00:00:00,DWBROWN
46,11278,2019-11-03 00:00:00,312856,"14,000,000.00",DZD,2019-11-06 00:00:00,"Citibank N.A., New York",3 days 00:00:00,6 days 00:00:00,DWBROWN
47,11288,2019-11-04 00:00:00,312857,"6,616,500.00",ZMW,2019-11-06 00:00:00,ICBC Standard Bank Plc,2 days 00:00:00,5 days 00:00:00,DWBROWN
48,11282,2019-11-04 00:00:00,312858,"700,000,000.00",XOF,2019-11-06 00:00:00,Crown Agents Bank,2 days 00:00:00,5 days 00:00:00,DWBROWN
49,11274,2019-11-02 00:00:00,312859,"900,000,000.00",XOF,2019-11-06 00:00:00,INTL FCStone Ltd.,4 days 00:00:00,7 days 00:00:00,DWBROWN
50,11289,2019-11-04 00:00:00,312860,"2,300,000.00",BWP,2019-11-06 00:00:00,INTL FCStone Ltd.,2 days 00:00:00,5 days 00:00:00,DWBROWN
51,11293,2019-11-04 00:00:00,312865,"655,957,000.00",XOF,2019-11-06 00:00:00,Crown Agents Bank,2 days 00:00:00,5 days 00:00:00,DWBROWN
52,11294,2019-11-04 00:00:00,312866,"327,985,000.00",XOF,2019-11-06 00:00:00,Ecobank Transnational I,2 days 00:00:00,5 days 00:00:00,DWBROWN
53,11300,2019-11-05 00:00:00,312868,"250,000.00",ILS,2019-11-07 00:00:00,"HSBC Bank USA, N.A.",2 days 00:00:00,5 days 00:00:00,DWBROWN
54,11298,2019-11-05 00:00:00,312869,"15,000,000.00",TRY,2019-11-06 00:00:00,"BNP Paribas, Paris",1 days 00:00:00,4 days 00:00:00,DWBROWN
55,11303,2019-11-05 00:00:00,312870,"2,300,000.00",MAD,2019-11-07 00:00:00,Crown Agents Bank,2 days 00:00:00,5 days 00:00:00,DWBROWN
56,11302,2019-11-05 00:00:00,312871,"56,425,000.00",NPR,2019-11-07 00:00:00,INTL FCStone Ltd.,2 days 00:00:00,5 days 00:00:00,DWBROWN
57,11301,2019-11-05 00:00:00,312872,"7,000,000.00",CNY,2019-11-07 00:00:00,Crown Agents Bank,2 days 00:00:00,5 days 00:00:00,DWBROWN
58,11299,2019-11-05 00:00:00,312873,"500,000.00",RON,2019-11-07 00:00:00,"Citibank N.A., New York",2 days 00:00:00,5 days 00:00:00,DWBROWN
59,11304,2019-11-05 00:00:00,312874,"30,000.00",OMR,2019-11-07 00:00:00,"HSBC Bank USA, N.A.",2 days 00:00:00,5 days 00:00:00,DWBROWN
60,11296,2019-11-05 00:00:00,312875,"750,000.00",GEL,2019-11-07 00:00:00,INTL FCStone Ltd.,2 days 00:00:00,5 days 00:00:00,DWBROWN
61,11306,2019-11-05 00:00:00,312879,"10,568,000.00",DOP,2019-11-07 00:00:00,"Citibank N.A., New York",2 days 00:00:00,5 days 00:00:00,DWBROWN
62,11307,2019-11-05 00:00:00,312880,"472,336,000.00",XOF,2019-11-07 00:00:00,Crown Agents Bank,2 days 00:00:00,5 days 00:00:00,DWBROWN
63,11313,2019-11-06 00:00:00,312881,"6,000,000.00",GTQ,2019-11-08 00:00:00,"Citibank N.A., New York",2 days 00:00:00,5 days 00:00:00,DWBROWN
64,11311,2019-11-06 00:00:00,312882,"7,000,000.00",GHS,2019-11-08 00:00:00,INTL FCStone Ltd.,2 days 00:00:00,5 days 00:00:00,DWBROWN
65,11309,2019-11-06 00:00:00,312883,"1,100,400,000.00",MGA,2019-11-08 00:00:00,INTL FCStone Ltd.,2 days 00:00:00,5 days 00:00:00,DWBROWN
66,11308,2019-11-05 00:00:00,312884,"3,433,000.00",NIO,2019-11-08 00:00:00,Crown Agents Bank,3 days 00:00:00,6 days 00:00:00,DWBROWN
67,11312,2019-11-06 00:00:00,312885,"1,200,000.00",SZL,2019-11-08 00:00:00,ICBC Standard Bank Plc,2 days 00:00:00,5 days 00:00:00,DWBROWN
68,11315,2019-11-06 00:00:00,312886,"1,269,812,500.00",TZS,2019-11-08 00:00:00,Crown Agents Bank,2 days 00:00:00,5 days 00:00:00,DWBROWN
69,11316,2019-11-06 00:00:00,312887,"3,000,000.00",STN,2019-11-12 00:00:00,INTL FCStone Ltd.,6 days 00:00:00,9 days 00:00:00,DWBROWN
70,11314,2019-11-06 00:00:00,312888,"1,000,000.00",DKK,2019-11-12 00:00:00,BANK OF AMERICA N.A.,6 days 00:00:00,9 days 00:00:00,DWBROWN
71,11317,2019-11-07 00:00:00,312889,"4,000,000.00",MXN,2019-11-12 00:00:00,Svenska Handelsbanken,5 days 00:00:00,8 days 00:00:00,DWBROWN
72,11320,2019-11-07 00:00:00,312890,"1,500,000,000.00",NGN,2019-11-12 00:00:00,Crown Agents Bank,5 days 00:00:00,8 days 00:00:00,DWBROWN
73,11318,2019-11-07 00:00:00,312892,"1,700,000.00",MVR,2019-11-12 00:00:00,INTL FCStone Ltd.,5 days 00:00:00,8 days 00:00:00,DWBROWN
74,11321,2019-11-07 00:00:00,312893,"500,000,000.00",XOF,2019-11-12 00:00:00,Ecobank Transnational I,5 days 00:00:00,8 days 00:00:00,DWBROWN
75,11322,2019-11-07 00:00:00,312894,"3,000,000.00",LSL,2019-11-12 00:00:00,ICBC Standard Bank Plc,5 days 00:00:00,8 days 00:00:00,DWBROWN
76,11325,2019-11-07 00:00:00,312895,"730,000.00",BBD,2019-11-12 00:00:00,INTL FCStone Ltd.,5 days 00:00:00,8 days 00:00:00,DWBROWN
77,11323,2019-11-07 00:00:00,312896,"61,950,000.00",DJF,2019-11-12 00:00:00,INTL FCStone Ltd.,5 days 00:00:00,8 days 00:00:00,DWBROWN
78,11324,2019-11-07 00:00:00,312897,"200,000,000.00",HTG,2019-11-12 00:00:00,BANK OF AMERICA N.A.,5 days 00:00:00,8 days 00:00:00,DWBROWN
79,11328,2019-11-08 00:00:00,312898,"600,000,000.00",XAF,2019-11-12 00:00:00,ED&F Man Capital Market,4 days 00:00:00,7 days 00:00:00,DWBROWN
81,11326,2019-11-08 00:00:00,312900,"100,000,000.00",MZN,2019-11-13 00:00:00,Crown Agents Bank,5 days 00:00:00,8 days 00:00:00,DWBROWN
82,11330,2019-11-08 00:00:00,312901,"185,000,000.00",HUF,2019-11-12 00:00:00,Toronto Dominion Bank,4 days 00:00:00,7 days 00:00:00,DWBROWN
83,11331,2019-11-08 00:00:00,312906,"67,000,000.00",KZT,2019-11-12 00:00:00,ICBC Standard Bank Plc,4 days 00:00:00,7 days 00:00:00,DWBROWN
84,11335,2019-11-11 00:00:00,312914,"250,000,000.00",INR,2019-11-14 00:00:00,Crown Agents Bank,3 days 00:00:00,6 days 00:00:00,EMBEWE
85,11334,2019-11-11 00:00:00,312915,"600,000,000.00",XAF,2019-11-13 00:00:00,Crown Agents Bank,2 days 00:00:00,5 days 00:00:00,EMBEWE
86,11336,2019-11-11 00:00:00,312916,"300,000,000.00",RWF,2019-11-13 00:00:00,Crown Agents Bank,2 days 00:00:00,5 days 00:00:00,EMBEWE
87,11332,2019-11-11 00:00:00,312917,"1,000,000.00",PGK,2019-11-13 00:00:00,INTL FCStone Ltd.,2 days 00:00:00,5 days 00:00:00,EMBEWE
88,11337,2019-11-11 00:00:00,312921,"1,474,000,000.00",MGA,2019-11-13 00:00:00,Crown Agents Bank,2 days 00:00:00,5 days 00:00:00,EMBEWE
89,11344,2019-11-12 00:00:00,312922,"185,000,000.00",XAF,2019-11-14 00:00:00,Ecobank Transnational I,2 days 00:00:00,5 days 00:00:00,EMBEWE
90,11347,2019-11-12 00:00:00,312923,"70,000,000.00",XAF,2019-11-14 00:00:00,Ecobank Transnational I,2 days 00:00:00,5 days 00:00:00,EMBEWE
91,11345,2019-11-12 00:00:00,312924,"400,000,000.00",XOF,2019-11-14 00:00:00,Crown Agents Bank,2 days 00:00:00,5 days 00:00:00,EMBEWE
92,11338,2019-11-11 00:00:00,312925,"3,495,000.00",BOB,2019-11-13 00:00:00,INTL FCStone Ltd.,2 days 00:00:00,5 days 00:00:00,EMBEWE
93,11346,2019-11-12 00:00:00,312926,"200,000,000.00",AOA,2019-11-14 00:00:00,ICBC Standard Bank Plc,2 days 00:00:00,5 days 00:00:00,EMBEWE
94,11342,2019-11-12 00:00:00,312927,"7,000,000,000.00",IDR,2019-11-14 00:00:00,Standard Chartered Bank,2 days 00:00:00,5 days 00:00:00,EMBEWE
95,11340,2019-11-11 00:00:00,312928,"400,000.00",FJD,2019-11-13 00:00:00,"Citibank N.A., New York",2 days 00:00:00,5 days 00:00:00,EMBEWE
96,11339,2019-11-11 00:00:00,312929,"1,000,000.00",SBD,2019-11-13 00:00:00,AUSTRALIA AND NEW ZEALA,2 days 00:00:00,5 days 00:00:00,EMBEWE
97,11341,2019-11-12 00:00:00,312930,"500,000,000.00",PKR,2019-11-14 00:00:00,Ecobank Transnational I,2 days 00:00:00,5 days 00:00:00,EMBEWE
98,11349,2019-11-12 00:00:00,312931,"2,000,000.00",PEN,2019-11-14 00:00:00,"Citibank N.A., New York",2 days 00:00:00,5 days 00:00:00,EMBEWE
99,11350,2019-11-13 00:00:00,312933,"734,000,000.00",MWK,2019-11-15 00:00:00,Ecobank Transnational I,2 days 00:00:00,5 days 00:00:00,EMBEWE
100,11351,2019-11-13 00:00:00,312934,"2,000,000,000.00",NGN,2019-11-15 00:00:00,Standard Chartered Bank,2 days 00:00:00,5 days 00:00:00,EMBEWE
101,11352,2019-11-13 00:00:00,312935,"60,000,000.00",ETB,2019-11-14 00:00:00,Ecobank Transnational I,1 days 00:00:00,4 days 00:00:00,EMBEWE
102,11355,2019-11-13 00:00:00,312936,"900,000,000.00",XOF,2019-11-15 00:00:00,ED&F Man Capital Market,2 days 00:00:00,5 days 00:00:00,EMBEWE
103,11353,2019-11-13 00:00:00,312937,"35,000,000.00",LKR,2019-11-15 00:00:00,Crown Agents Bank,2 days 00:00:00,5 days 00:00:00,EMBEWE
104,11361,2019-11-14 00:00:00,312938,"655,957,000.00",XOF,2019-11-18 00:00:00,Ecobank Transnational I,4 days 00:00:00,7 days 00:00:00,EMBEWE
105,11359,2019-11-14 00:00:00,312939,"27,690,000.00",ZMW,2019-11-18 00:00:00,Ecobank Transnational I,4 days 00:00:00,7 days 00:00:00,EMBEWE
106,11363,2019-11-14 00:00:00,312940,"500,000,000.00",XOF,2019-11-18 00:00:00,ED&F Man Capital Market,4 days 00:00:00,7 days 00:00:00,EMBEWE
107,11360,2019-11-14 00:00:00,312941,"385,000.00",SZL,2019-11-18 00:00:00,ICBC Standard Bank Plc,4 days 00:00:00,7 days 00:00:00,EMBEWE
108,11357,2019-11-13 00:00:00,312942,"4,000,000.00",MXN,2019-11-15 00:00:00,"Barclays Bank Plc , Lon",2 days 00:00:00,5 days 00:00:00,EMBEWE
109,11356,2019-11-13 00:00:00,312943,"3,200,000.00",BRL,2019-11-18 00:00:00,INTL FCStone Ltd.,5 days 00:00:00,8 days 00:00:00,EMBEWE
110,11358,2019-11-14 00:00:00,312944,"15,334,000.00",KGS,2019-11-18 00:00:00,INTL FCStone Ltd.,4 days 00:00:00,7 days 00:00:00,EMBEWE
111,11366,2019-11-15 00:00:00,312946,"100,000,000.00",MZN,2019-11-18 00:00:00,INTL FCStone Ltd.,3 days 00:00:00,6 days 00:00:00,EMBEWE
112,11368,2019-11-15 00:00:00,312947,"187,000.00",BYN,2019-11-18 00:00:00,INTL FCStone Ltd.,3 days 00:00:00,6 days 00:00:00,EMBEWE
113,11367,2019-11-15 00:00:00,312948,"6,876,000.00",NPR,2019-11-18 00:00:00,Crown Agents Bank,3 days 00:00:00,6 days 00:00:00,EMBEWE
114,11364,2019-11-14 00:00:00,312949,"2,500,000.00",MAD,2019-11-19 00:00:00,Standard Chartered Bank,5 days 00:00:00,8 days 00:00:00,EMBEWE
115,11365,2019-11-15 00:00:00,312950,"800,000.00",PGK,2019-11-18 00:00:00,Crown Agents Bank,3 days 00:00:00,6 days 00:00:00,EMBEWE
116,11369,2019-11-15 00:00:00,312951,"4,000,000,000.00",SLL,2019-11-18 00:00:00,Standard Chartered Bank,3 days 00:00:00,6 days 00:00:00,EMBEWE
117,11370,2019-11-15 00:00:00,312953,"500,000,000.00",XOF,2019-11-18 00:00:00,Ecobank Transnational I,3 days 00:00:00,6 days 00:00:00,EMBEWE
118,11371,2019-11-15 00:00:00,312954,"200,000,000.00",XAF,2019-11-18 00:00:00,Crown Agents Bank,3 days 00:00:00,6 days 00:00:00,EMBEWE
119,11373,2019-11-15 00:00:00,312955,"50,000,000.00",XAF,2019-11-18 00:00:00,Crown Agents Bank,3 days 00:00:00,6 days 00:00:00,EMBEWE
120,11372,2019-11-15 00:00:00,312956,"4,000,000.00",DKK,2019-11-19 00:00:00,"Danske Bank, Copenhagen",4 days 00:00:00,7 days 00:00:00,EMBEWE
121,11374,2019-11-15 00:00:00,312957,"2,185,950,000.00",TZS,2019-11-19 00:00:00,INTL FCStone Ltd.,4 days 00:00:00,7 days 00:00:00,EMBEWE
122,11375,2019-11-17 00:00:00,312958,"20,000,000.00",EGP,2019-11-20 00:00:00,Ecobank Transnational I,3 days 00:00:00,6 days 00:00:00,DWBROWN
123,11379,2019-11-18 00:00:00,312959,"500,000.00",SZL,2019-11-20 00:00:00,ICBC Standard Bank Plc,2 days 00:00:00,5 days 00:00:00,DWBROWN
124,11376,2019-11-18 00:00:00,312960,"4,000,000.00",JOD,2019-11-20 00:00:00,Crown Agents Bank,2 days 00:00:00,5 days 00:00:00,DWBROWN
125,11378,2019-11-18 00:00:00,312961,"7,000,000,000.00",IDR,2019-11-20 00:00:00,Standard Chartered Bank,2 days 00:00:00,5 days 00:00:00,DWBROWN
126,11377,2019-11-18 00:00:00,312962,"12,000,000,000.00",VND,2019-11-20 00:00:00,INTL FCStone Ltd.,2 days 00:00:00,5 days 00:00:00,DWBROWN
127,11380,2019-11-18 00:00:00,312963,"70,000,000.00",ETB,2019-11-20 00:00:00,INTL FCStone Ltd.,2 days 00:00:00,5 days 00:00:00,DWBROWN
128,11382,2019-11-18 00:00:00,312964,"580,000,000.00",XOF,2019-11-20 00:00:00,Crown Agents Bank,2 days 00:00:00,5 days 00:00:00,DWBROWN
129,11383,2019-11-18 00:00:00,312965,"1,000,000,000.00",BIF,2019-11-20 00:00:00,Ecobank Transnational I,2 days 00:00:00,5 days 00:00:00,DWBROWN
130,11388,2019-11-19 00:00:00,312966,"2,000,000.00",LSL,2019-11-21 00:00:00,INTL FCStone Ltd.,2 days 00:00:00,5 days 00:00:00,DWBROWN
131,11387,2019-11-19 00:00:00,312967,"700,000.00",TND,2019-11-21 00:00:00,Ecobank Transnational I,2 days 00:00:00,5 days 00:00:00,DWBROWN
132,11386,2019-11-19 00:00:00,312968,"100,000,000.00",XAF,2019-11-21 00:00:00,Crown Agents Bank,2 days 00:00:00,5 days 00:00:00,DWBROWN
133,11389,2019-11-19 00:00:00,312969,"1,935,900,000.00",PYG,2019-11-21 00:00:00,INTL FCStone Ltd.,2 days 00:00:00,5 days 00:00:00,DWBROWN
134,11390,2019-11-19 00:00:00,312970,"655,957,000.00",XOF,2019-11-21 00:00:00,ED&F Man Capital Market,2 days 00:00:00,5 days 00:00:00,DWBROWN
135,11391,2019-11-19 00:00:00,312971,"450,000,027.00",XOF,2019-11-22 00:00:00,Crown Agents Bank,3 days 00:00:00,6 days 00:00:00,DWBROWN
136,11401,2019-11-20 00:00:00,312972,"30,000,000.00",XAF,2019-11-22 00:00:00,ED&F Man Capital Market,2 days 00:00:00,5 days 00:00:00,DWBROWN
137,11394,2019-11-20 00:00:00,312973,"5,700,000.00",CNY,2019-11-22 00:00:00,Crown Agents Bank,2 days 00:00:00,5 days 00:00:00,DWBROWN
138,11403,2019-11-20 00:00:00,312974,"44,250,000.00",DJF,2019-11-22 00:00:00,INTL FCStone Ltd.,2 days 00:00:00,5 days 00:00:00,DWBROWN
139,11397,2019-11-20 00:00:00,312975,"200,000,000.00",BDT,2019-11-25 00:00:00,Crown Agents Bank,5 days 00:00:00,8 days 00:00:00,DWBROWN
140,11402,2019-11-20 00:00:00,312976,"320,000.00",BAM,2019-11-22 00:00:00,INTL FCStone Ltd.,2 days 00:00:00,5 days 00:00:00,DWBROWN
141,11400,2019-11-20 00:00:00,312977,"623,159,150.00",XOF,2019-11-22 00:00:00,ED&F Man Capital Market,2 days 00:00:00,5 days 00:00:00,DWBROWN
142,11393,2019-11-20 00:00:00,312978,"600,000,000.00",PKR,2019-11-22 00:00:00,Ecobank Transnational I,2 days 00:00:00,5 days 00:00:00,DWBROWN
143,11399,2019-11-20 00:00:00,312979,"120,000.00",ILS,2019-11-22 00:00:00,Svenska Handelsbanken,2 days 00:00:00,5 days 00:00:00,DWBROWN
144,11392,2019-11-19 00:00:00,312980,"2,000,000,000.00",SLL,2019-11-22 00:00:00,Standard Chartered Bank,3 days 00:00:00,6 days 00:00:00,DWBROWN
145,11398,2019-11-20 00:00:00,312981,"35,000,000.00",AMD,2019-11-22 00:00:00,INTL FCStone Ltd.,2 days 00:00:00,5 days 00:00:00,DWBROWN
146,11404,2019-11-20 00:00:00,312983,"400,000.00",TND,2019-11-22 00:00:00,INTL FCStone Ltd.,2 days 00:00:00,5 days 00:00:00,DWBROWN
147,11405,2019-11-20 00:00:00,312984,"4,458,000.00",NIO,2019-11-22 00:00:00,Crown Agents Bank,2 days 00:00:00,5 days 00:00:00,DWBROWN
148,11396,2019-11-20 00:00:00,312985,"15,000,000.00",DKK,2019-11-22 00:00:00,National Australia Bank,2 days 00:00:00,5 days 00:00:00,DWBROWN
149,11410,2019-11-21 00:00:00,312986,"800,000,000.00",XOF,2019-11-25 00:00:00,ED&F Man Capital Market,4 days 00:00:00,7 days 00:00:00,DWBROWN
150,11413,2019-11-21 00:00:00,312987,"983,935,500.00",XOF,2019-11-25 00:00:00,Crown Agents Bank,4 days 00:00:00,7 days 00:00:00,DWBROWN
151,11406,2019-11-20 00:00:00,312989,"1,000,000.00",PEN,2019-11-22 00:00:00,Crown Agents Bank,2 days 00:00:00,5 days 00:00:00,DWBROWN
152,11412,2019-11-21 00:00:00,312990,"500,000,000.00",NGN,2019-11-25 00:00:00,Ecobank Transnational I,4 days 00:00:00,7 days 00:00:00,DWBROWN
153,11409,2019-11-21 00:00:00,312991,"120,000,000.00",INR,2019-11-25 00:00:00,"JPMorgan Chase Bank, N.",4 days 00:00:00,7 days 00:00:00,DWBROWN
154,11408,2019-11-21 00:00:00,312992,"500,000,000.00",XAF,2019-11-25 00:00:00,ED&F Man Capital Market,4 days 00:00:00,7 days 00:00:00,DWBROWN
155,11415,2019-11-21 00:00:00,312993,"150,000,000.00",AOA,2019-11-25 00:00:00,INTL FCStone Ltd.,4 days 00:00:00,7 days 00:00:00,DWBROWN
156,11417,2019-11-21 00:00:00,312994,"11,158,400.00",ZMW,2019-11-25 00:00:00,Crown Agents Bank,4 days 00:00:00,7 days 00:00:00,DWBROWN
157,11416,2019-11-21 00:00:00,312995,"300,000,000.00",RWF,2019-11-25 00:00:00,Ecobank Transnational I,4 days 00:00:00,7 days 00:00:00,DWBROWN
158,11419,2019-11-21 00:00:00,312996,"1,075,500,000.00",MGA,2019-11-25 00:00:00,Crown Agents Bank,4 days 00:00:00,7 days 00:00:00,DWBROWN
159,11418,2019-11-21 00:00:00,312997,"30,000,000.00",XAF,2019-11-25 00:00:00,Crown Agents Bank,4 days 00:00:00,7 days 00:00:00,DWBROWN
160,11420,2019-11-21 00:00:00,312999,"30,000,000.00",CRC,2019-11-25 00:00:00,INTL FCStone Ltd.,4 days 00:00:00,7 days 00:00:00,DWBROWN
161,11421,2019-11-21 00:00:00,313000,"200,000,028.00",XOF,2019-11-25 00:00:00,Crown Agents Bank,4 days 00:00:00,7 days 00:00:00,DWBROWN
162,11426,2019-11-22 00:00:00,313001,"20,000,000.00",LKR,2019-11-26 00:00:00,INTL FCStone Ltd.,4 days 00:00:00,7 days 00:00:00,DWBROWN
163,11425,2019-11-22 00:00:00,313002,"1,200,000.00",GHS,2019-11-26 00:00:00,INTL FCStone Ltd.,4 days 00:00:00,7 days 00:00:00,DWBROWN
164,11423,2019-11-22 00:00:00,313003,"900,000,000.00",XOF,2019-11-26 00:00:00,ED&F Man Capital Market,4 days 00:00:00,7 days 00:00:00,DWBROWN
165,11422,2019-11-22 00:00:00,313004,"4,423,500,000.00",LAK,2019-11-26 00:00:00,INTL FCStone Ltd.,4 days 00:00:00,7 days 00:00:00,DWBROWN
166,11424,2019-11-22 00:00:00,313005,"2,000,000.00",MAD,2019-11-26 00:00:00,"BNP Paribas, Paris",4 days 00:00:00,7 days 00:00:00,DWBROWN
167,11427,2019-11-22 00:00:00,313006,"1,500,000,000.00",SLL,2019-11-26 00:00:00,Standard Chartered Bank,4 days 00:00:00,7 days 00:00:00,DWBROWN
168,11428,2019-11-22 00:00:00,313007,"300,000,000.00",BIF,2019-11-26 00:00:00,Ecobank Transnational I,4 days 00:00:00,7 days 00:00:00,DWBROWN
169,11429,2019-11-22 00:00:00,313008,"300,000,000.00",XAF,2019-11-26 00:00:00,Ecobank Transnational I,4 days 00:00:00,7 days 00:00:00,DWBROWN
170,11438,2019-11-25 00:00:00,313010,"500,000,000.00",XAF,2019-11-27 00:00:00,Crown Agents Bank,2 days 00:00:00,5 days 00:00:00,DWBROWN
171,11432,2019-11-25 00:00:00,313011,"7,000,000.00",TRY,2019-11-26 00:00:00,Banco Bilbao Vizcaya Ar,1 days 00:00:00,4 days 00:00:00,DWBROWN
172,11434,2019-11-25 00:00:00,313012,"1,000,000,000.00",NGN,2019-11-27 00:00:00,Ecobank Transnational I,2 days 00:00:00,5 days 00:00:00,DWBROWN
173,11431,2019-11-25 00:00:00,313013,"300,000.00",SAR,2019-11-27 00:00:00,"Citibank N.A., New York",2 days 00:00:00,5 days 00:00:00,DWBROWN
174,11433,2019-11-25 00:00:00,313014,"100,000,000.00",AOA,2019-11-27 00:00:00,INTL FCStone Ltd.,2 days 00:00:00,5 days 00:00:00,DWBROWN
175,11441,2019-11-25 00:00:00,313018,"78,714,840.00",XOF,2019-11-27 00:00:00,ED&F Man Capital Market,2 days 00:00:00,5 days 00:00:00,DWBROWN
176,11442,2019-11-25 00:00:00,313019,"290,000,000.00",XOF,2019-11-27 00:00:00,Ecobank Transnational I,2 days 00:00:00,5 days 00:00:00,DWBROWN
177,11443,2019-11-25 00:00:00,313020,"2,182,150,000.00",TZS,2019-11-27 00:00:00,Crown Agents Bank,2 days 00:00:00,5 days 00:00:00,DWBROWN
178,11444,2019-11-25 00:00:00,313022,"300,000,000.00",XOF,2019-11-27 00:00:00,Crown Agents Bank,2 days 00:00:00,5 days 00:00:00,DWBROWN
179,11449,2019-11-26 00:00:00,313023,"7,920,000.00",DOP,2019-11-29 00:00:00,"Citibank N.A., New York",3 days 00:00:00,6 days 00:00:00,DWBROWN
180,11445,2019-11-25 00:00:00,313025,"1,000,000.00",PEN,2019-11-29 00:00:00,"Citibank N.A., New York",4 days 00:00:00,7 days 00:00:00,DWBROWN
181,11453,2019-11-27 00:00:00,313028,"1,500,000,000.00",SLL,2019-11-29 00:00:00,Standard Chartered Bank,2 days 00:00:00,5 days 00:00:00,DWBROWN
182,11451,2019-11-27 00:00:00,313029,"4,000,000.00",TRY,2019-11-29 00:00:00,Svenska Handelsbanken,2 days 00:00:00,5 days 00:00:00,DWBROWN
183,11454,2019-11-27 00:00:00,313030,"110,000,000.00",KES,2019-11-29 00:00:00,INTL FCStone Ltd.,2 days 00:00:00,5 days 00:00:00,DWBROWN
184,11450,2019-11-27 00:00:00,313031,"50,000,000.00",XAF,2019-11-29 00:00:00,INTL FCStone Ltd.,2 days 00:00:00,5 days 00:00:00,DWBROWN
185,11457,2019-11-27 00:00:00,313032,"150,000,000.00",XOF,2019-11-29 00:00:00,ED&F Man Capital Market,2 days 00:00:00,5 days 00:00:00,DWBROWN
186,11455,2019-11-27 00:00:00,313035,"5,794,000.00",ZMW,2019-11-29 00:00:00,Ecobank Transnational I,2 days 00:00:00,5 days 00:00:00,DWBROWN
